air.FUNCOM.CaptionCamera,B1,S3,S2,,,,,,
air.FUNCOM.WinterLock,S2,S3,S2,S3,S2,S3,,,
air.com.Slot,S1,S8,S2,S1 ,,,,,
air.com.zubawing.PokeChampionLite,S6,S6,S6,,,,,,
air.talkingDragon,S6,C1,C2,S6,,,,,
alice.superman.golocker,S9,S9,S9,,,,,,
alpmob.pokemon,S2,S3,S3,S2,S3,,,,
app12384.vinebre,S7,S8,S8,U2,,,,,
appinventor.ai_DeAnnaBeth1964.VolumeBooster,S7,S8,C1,C2,C5,S8,,,
appinventor.ai_idigitalbox.Communication,S1,S1,U4,,,,,,
appinventor.ai_monastucecom.JoyofBaking,S1,S2,S3,S7,S3,S6,,,
appinventor.ai_monastucecom.Top20InterviewQuestions,S1,S2,S3,S7,S3,U2,,,
appinventor.ai_monastucecom.YellowSaffronRecipes,S1,S2,S3,S7,S3,S6,,,
appinventor.ai_monastucecom.skinCare,S2,R2,R1,S2,,,,,
appinventor.ai_nasasesoft.BounceClub,S1,S2,S3,S3,A1,A2,A3,A4,A5
ast.lqa,S3,S3,S3,,,,,,
asus.download.mp3,S2,S3,S3,R1,,,,,
au.com.dealsmap.lwp.cube.FavoriteXperiaIon,S6,S6,S8,S6,,,,,
au.com.dealsmap.lwp.cube.PackAdultJokes,S6,S6,S6,,,,,,
au.com.dealsmap.lwp.cube.PackAnimalIce,S6,S6,S6,,,,,,
au.com.dealsmap.lwp.cube.PackAquariumJellyfish,S6,S6,S6,,,,,,
au.com.dealsmap.lwp.cube.PackBeautifulSnowfall,S6,S6,S6,,,,,,
au.com.dealsmap.lwp.cube.PackBirdSnowfall,S6,S6,S6,,,,,,
au.com.dealsmap.lwp.cube.PackChurchOfJesus,S6,S6,S6,,,,,,
au.com.dealsmap.lwp.cube.PackClownFish,S6,S6,S6,,,,,,
au.com.dealsmap.lwp.cube.PackColdWater,S6,S6,S6,,,,,,
au.com.dealsmap.lwp.cube.PackCupCake,S6,S6,S6,,,,,,
au.com.dealsmap.lwp.cube.PackCuteValentinesHeart,S6,S6,S6,,,,,,
au.com.dealsmap.lwp.cube.PackDesertTextures,S6,S6,S6,,,,,,
au.com.dealsmap.lwp.cube.PackDreamlandSpring,S6,S6,S6,,,,,,
au.com.dealsmap.lwp.cube.PackFlowPlanet,S6,S6,S6,,,,,,
au.com.dealsmap.lwp.cube.PackGalaxyFlow,S6,S6,S6,,,,,,
au.com.dealsmap.lwp.cube.PackGalaxyS4Africa,S6,S6,S6,,,,,,
au.com.dealsmap.lwp.cube.PackHdColors,S6,S6,S6,,,,,,
au.com.dealsmap.lwp.cube.PackILoveSnowfall,S6,S6,S6,,,,,,
au.com.dealsmap.lwp.cube.PackIos7Fireworks,S6,S6,S6,,,,,,
au.com.dealsmap.lwp.cube.PackIos7GalaxyS42013ColourfulFireworks,S6,S6,S6,,,,,,
au.com.dealsmap.lwp.cube.PackIos7GalaxyS4BeachBoat,S6,S6,S6,,,,,,
au.com.dealsmap.lwp.cube.PackIos7GalaxyS4CuteDo,S6,S6,S6,,,,,,
au.com.dealsmap.lwp.cube.PackIos7GalaxyS4DrinksWater,S6,S6,S6,,,,,,
au.com.dealsmap.lwp.cube.PackIos7GalaxyS4EarthLight,S6,S6,S6,,,,,,
au.com.dealsmap.lwp.cube.PackIos7GalaxyS4SunsetAtBeach,S6,S6,S6,,,,,,
au.com.dealsmap.lwp.cube.PackIos7GalaxyS4WaveOnTheBeach,S6,S6,S6,,,,,,
au.com.dealsmap.lwp.cube.PackIos7GalaxyS4WildAnimal1,S6,S6,S6,,,,,,
au.com.dealsmap.lwp.cube.PackLightOfTheSunset,S6,S6,S6,,,,,,
au.com.dealsmap.lwp.cube.PackLostPlanet,S6,S6,S6,,,,,,
au.com.dealsmap.lwp.cube.PackLoveMusic,S6,S6,S6,,,,,,
au.com.dealsmap.lwp.cube.PackMagicalFireworks,S6,S6,S6,,,,,,
au.com.dealsmap.lwp.cube.PackNewBible,S6,S6,S6,,,,,,
au.com.dealsmap.lwp.cube.PackPerfectBeach,S6,S6,S6,,,,,,
au.com.dealsmap.lwp.cube.PackPythonSnake,S6,S6,S6,,,,,,
au.com.dealsmap.lwp.cube.PackRainingSnow,S6,S6,S6,,,,,,
au.com.dealsmap.lwp.cube.PackRunningDog,S6,S6,S6,,,,,,
au.com.dealsmap.lwp.cube.PackSeaBoat,S6,S6,S6,,,,,,
au.com.dealsmap.lwp.cube.PackSkull,S6,S6,S6,,,,,,
au.com.dealsmap.lwp.cube.PackSnowTime,S6,S6,S6,,,,,,
au.com.dealsmap.lwp.cube.PackSpiderGalaxy,S6,S6,S6,,,,,,
au.com.dealsmap.lwp.cube.PackSunBeamFlowerArranement,S6,S6,S6,,,,,,
au.com.dealsmap.lwp.cube.PackSunBeamFlowerQueenRose,S6,S6,S6,,,,,,
au.com.dealsmap.lwp.cube.PackSunsetTime,S6,S6,S6,,,,,,
au.com.dealsmap.lwp.cube.PackUmbrellaInRain,S6,S6,S6,,,,,,
au.com.dealsmap.lwp.cube.PackValentinesDayHeart,S6,S6,S6,,,,,,
au.com.dealsmap.lwp.cube.PackWaterLily,S6,S6,S6,,,,,,
au.com.dealsmap.lwp.cube.PackWaterLove,S6,S6,S6,,,,,,
au.com.dealsmap.lwp.cube.PackWaveAndSunset,S6,S6,S6,,,,,,
au.com.dealsmap.lwp.cube.PackWorldOfGalaxy,S6,S6,S6,,,,,,
au.com.dealsmap.lwp.cube.PackZoo,S6,S6,S6,,,,,,
bg.app,S2,S4,S2,K1,,,,,
bodylanguage.body.language,S2,S2,S2,,,,,,
charter.studio.tappedoutbestcheats,S3,S3,U1,U2,,,,,
com.DroidSkyViewZeroG,S1,S2,S2,C4,,,,,
com.Ioffershoppingapp,S8,U1,S8,,,,,,
com.MASHASH.SuperShoot,S3,S3,K1,,,,,,
com.MB.chinese_horoscope_2014,S3,S3,K1,,,,,,
com.METALLICA7,B1,S1,S1,S6,,,,,
com.MI.HindiSMSCollection,C3,S6,S6,S9,,,,,
com.MusicStation.musicPopularGamesVideo,S2,S3,S2,S4,,,,,
com.TheKillers7,B1,S1,S1,S6,,,,,
com.a112751963950594735e69d75a.a22813059a,S7,S7,S7,,,,,,
com.a1534691187518016688b3169a.a96691026a,S7,S7,S7,,,,,,
com.a2805553065097cc544eeaa8a.a72580823a,S7,S7,S7,,,,,,
com.a418991555517b69dd751e46a.a84386493a,S7,S7,S7,,,,,,
com.a4469022750f5c8153f8f90a.a98975648a,S1,S7,S7,S7,,,,,
com.aapvs.bestapps.jokes.ru.lite,S2,S4,S3,S2,S4,S6,,,
com.acks.frog,S1,S2,K1,,,,,,
com.adventuretime.cartoon,S2,S4,R3,S2,,,,,
com.airplaneparking.frenzy,S2,S8,S5,S1,S8,,,,
com.alamri.manzil,S2,S8,S2,S2,,,,,
com.allinone.app,S2,U1,S2,,,,,,
com.amax.oliverhalloweenlivewallpaper,S2,S6,S2,S2,S6,,,,
com.amax.pandalivewallpaper,S2,S6,S2,S2,S6,,,,
com.amax.sakuralivewallpaper,S2,S6,S2,S2,S6,,,,
com.androblack.johncenawallpapers,S2,S2,S1,,,,,,
com.androblack.katrinakaifhdwallpapers,S3,S4,S3,S3,,,,,
com.androblack.sexmistakes,S3,S4,A2,A3,S3,,,,
com.androblack.sunnyleonewallpapers,S2,S6,S1,S2,S3,S6,,,
com.androidPlatform.multiwindow.dropbox,S4,S6,U2,S6,,,,,
com.androidPlatform.multiwindow.espn,S4,S6,U2,S6,,,,,
com.androidPlatform.multiwindow.googledrive,S4,S6,U2,S6,,,,,
com.androidPlatform.multiwindow.myspace,S6,S4,S6,S6,,,,,
com.androidPlatform.multiwindow.wordpress,S6,S4,S6,S6,,,,,
com.andromo.dev122909.app141606,S2,S3,S7,S2,S7,,,,
com.andromo.dev133664.app136883,S7,S6,S7,S7,S6,,,,
com.andromo.dev133664.app200981,S7,S7,U2,,,,,,
com.andromo.dev133664.app217204,S7,S7,U2,,,,,,
com.andromo.dev133664.app225007,S7,S7,S7,S6,,,,,
com.andromo.dev171890.app246255,S2,S8,S2,S3,S2,S7,,,
com.andromo.dev171890.app247807,S7,S2,S2,S7,S2,S7,,,
com.andromo.dev171890.app249975,S2,S7,S2,S7,S2,S7,,,
com.andromo.dev171890.app251939,S7,S8,S7,S8,R2,,,,
com.andromo.dev182190.app187620,S7,S6,S3,S8,S7,S7,S6,,
com.andromo.dev21828.app218014,S2,S3,S4,S2,S7,S2,S7,,
com.andromo.dev21828.app229411,S2,S2,S7,S2,S7,,,,
com.andromo.dev21828.app236525,S2,S7,S2,S2,S7,,,,
com.andromo.dev21828.app248021,S2,S7,S4,S2,S2,S7,,,
com.andromo.dev257169.app253035,S2,S4,S2,S3,S2,S5,S7,,
com.andromo.dev68177.app246051,S6,U2,S6,,,,,,
com.andromo.dev68177.app246281,S6,S7,S6,,,,,,
com.andromo.dev68177.app249953,S6,U1,S6,,,,,,
com.andromo.dev68177.app252382,S6,U2,S6,,,,,,
com.app.news.cuba,S2, S6 ,S6,S1,S2,,,,
com.app.stores,S2,S3,S4,,,,,,
com.apperhand.amazon.appstore.free.app.of.the.day,S8,S4,S9,U1,S8,,,,
com.appind.camera.timer.free,S8,S9,S8,S9,S8,,,,
com.appmakr.app488758,S7,S1,S7,K1,,,,,
com.appmk.TintinLandoftheSoviets.TintinLandoftheSoviets,S2,S2,S2,,,,,,
com.appsdraga.yoga,S1, S2,S2,D2,,,,,
com.appsmoment.nickjonassongss,S6,R3,S6,,,,,,
com.appsmoment.onedirectionsongss,S6,R3,S6,,,,,,
com.appsmoment.pitbull,S6,R3,S6,,,,,,
com.appsmoment.rajkumar1964songs,S6 ,U1,S1,S6,,,,,
com.appsmoment.takethatsongs,S6 ,R3,S6,,,,,,
com.appsmoment.u2songs,S6 ,R3,S6,,,,,,
com.appstoshare.james_potter,S2,S2,S2,,,,,,
com.aqua.gosms.theme.template,S6,U2,S6,,,,,,
com.artvandelay440.theme.mcescherfree,K1,S5,S2,S5,,,,,
com.awdrey.wallpaper.bleach,S2,S2,S2,,,,,,
com.awedroid.mtgbooster.edition.dgm,S6,U2,S6,,,,,,
com.awedroid.mtgbooster.edition.rtr,S6,U2,S6,,,,,,
com.baquis.kakaotalk.facebook.theme,S6,U3,S1,S6,,,,,
com.baquis.kakaotalk.frommetoyou.theme,S6,U3,S1,S6,,,,,
com.beckiapps.architecturaldesigns,S1,S2,S2,S1,,,,,
com.benjaminholfeld.speakhindi,S2,S4,S3,D2,,,,,
com.best.seeds.apk,S8,U2,S8,,,,,,
com.bh.objetscaches.animaux.android,S6,S6,S6,,,,,,
com.bh.objetscaches.animaux.android_10,S6,S6,S6,,,,,,
com.bh.objetscaches.sport.android,S6,S6,S6,,,,,,
com.bh.objetscaches.sport.android_10,S6,S6,S6,,,,,,
com.bh.objetscaches.world.android_10,S6,S6,S6,,,,,,
com.bi.christmas.tree.wallpapers,S9,S9,K1,,,,,,
com.binaryoptionstrading1211,K1,S1,S2,S1,S8,,,,
com.blogspot.fa3d.dscs,S2,S4,S6,U3,S6,,,,
com.blueshadowgames.crosakandroid,S5,S1,S2,S5,S5,,,,
com.bmw.Run,S2,S2,S2,,,,,,
com.bodybuilding,S2,S2,D2,,,,,,
com.bogee.expedition.platformer,S4,S2,S3,D2,,,,,
com.boombswek.acclt,S2,S3,S2,R1,R2,,,,
com.brainleague.app.newyeargreetingcards,S8,S9,K1,S8,S9,,,,
com.braintrainer.cityquiz,S2,S4,S9,S5,C1,C4,,,
com.brightideas.gunsounds,S8,S8,S8,,,,,,
com.busuu.android.de,K1,S6,S6,,,,,,
com.busuu.android.es,K1,S6,S6,,,,,,
com.busuu.android.zh,K1,S6,S6,,,,,,
com.butterfly.go.locker.w8,S6,U2,S6,,,,,,
com.cambridge.theme.barcelona,S6,S1,S6,,,,,,
com.cannywill.entertain,S2,S6,S3,S8,S9,,,,
com.chou2hai.godensoundeffect,S2,S2,S9,,,,,,
com.chunter.gobang,S4,S5,S9,S5,S4,S5,,,
com.cinema.tamilposter.ajithwp,S2,S2,S2,,,,,,
com.cinema.tamilposter.ihrt,S2,S2,S1,,,,,,
com.codebrew.govideodownloader,S1,S3,S4,S3,K1,,,,
com.cricninja.cricketlive,S3,S3,S2,S4,,,,,
com.daunmobi.arsenal,U2,S2,S1,S2,,,,,
com.daunmobi.cristianoronaldo,U2,S2,S1,S2,,,,,
com.dec.bluetoothshare,S4,S3,S3,K1,,,,,
com.dfj.heysayjump,S5,S5,S5,,,,,,
com.domainname.MakeoverSalonRun,C1,C2,C4,S3,S6,,,,
com.domainname.NinjaHero,C1,C2,C4,S4,S8,S6,,,
com.domainname.hayfarm,S4,S3,S6,,,,,,
com.domainname.makeupsalonprincess,C1,C2,C4,S3,S6,,,,
com.domainname.superbirdsapp,S3,S4,S3,S6,,,,,
com.dordev.sparkheart,S6,S9,C2,S9,,,,,
com.dreamstep.wcoolroms,S1,S1,S1,,,,,,
com.droidRing.bestringtone,S3,S3,S2,S3,,,,,
com.droidappworld.resizeyourbuttthighs,S2,S3,B1,S3,,,,,
com.droidappworld.sexsecrets,S2,S4,S2,S3,,S3,,,
com.droidappworld.sittingpretty,S2,S4,S2,S3,,,,,
com.droidappworld.toneyourbody,S2,S3,S4,B1,S3,,,,
com.easylist.wolfhowlsounds,K1,S3,S6,,,,,,
com.ebyx.bbcr.fcas.strkforc,S1,S1,S1,,,,,,
com.elite.willyadv,S1,S2,S2,S1,S2,,,,
com.emtronics.powernzb,S2,D2,S2,,,,,,
com.eric.sgclassified,S3,S4,S3,K1,,,,,
com.fa3d.ct3d,S6,S6,S6,,,,,,
com.facewolf.christian,S6,S9,S6,D2,,,,,
com.facewolf.fairies,S8,S6,S9,S1,D2,,,,
com.fatfingerlabs.bikinipaper,S6,A1,A2,S6,,,,,
com.fatfingerlabs.hotgirl,S6,C2,S6,,,,,,
com.fatfingerlabs.sexygirls,S6,A1,A2,S6,,,,,
com.fatfreeapps.spookyfreegoogle,S3,S3,C1,C4,,,,,
com.ferndaleapps.supercars,S2,S3,K1,,,,,,
com.first4apps.golfclothing,S1,S1,K1,,,,,,
com.free.chanakya.niti.shastra,S2,S2,S2,S9,,,,,
com.free.game.joy.jigsaw.puzzle.games,S2,S3,S3,S6,,,,,
com.free.religion.sri.krishna.geeta.saar,S2,S8,S2,S2,S8,S9,,,
com.freelifeapps.how_to_draw_angry_birds_space,S6,R1,S6,,,,,,
com.fundugames.thingslist,S3,S3,D2,,,,,,
com.fungameco.relativityzero,S2,D2,S2,,,,,,
com.fyzstyles.fifa14,S2,S2,S2,S6,,,,,
com.fyzstyles.fifa14malayalam,S2,S2,S2,S6,,,,,
com.game.CountingBalloon,S3,S3,C2,,,,,,
com.game.puzzle.blocksoffline,C1,C3,S6,S1,S6,,,,
com.game.tet.asia.blocksoffline,C1,C3,S6,S1,S6,,,,
com.gau.go.launcherex.theme.FairyOrange,S6,U2,S6,,,,,,
com.gau.go.launcherex.theme.Touch.getjar,S5,S6,S2,S6,,,,,
com.gau.go.launcherex.theme.drock.getjar,S6,S2,S6,,,,,,
com.gau.go.launcherex.theme.icss,K1,S5,S5,,,,,,
com.gau.go.launcherex.theme.lovingyouxxx.fourinone,S8,S6,S2,S6,,,,,
com.gau.go.launcherex.theme.mage.getjar,S6,S8,S6,S6,,,,,
com.gau.go.launcherex.theme.tjglldruo,S6,U2,S6,,,,,,
com.gc.anpc,S8,S6,S6,U4,,,,,
com.gmail.dmglakewood.Flaming_777,S2,S3,P1,S6,,,,,
com.gmail.dmglakewood.Tower_Slots,S6,P1,S6,,,,,,
com.googlenexus5.mobileguide.app.mobile,S1,S1,S1,,,,,,
com.gopela.mobi.music.video.download,S3,S3,S6,,,,,,
com.gt.CounterStrikeCheats,S6,U2,S6,,,,,,
com.gt.pokemonblackcheats,S6,U2,S6,,,,,,
com.gt.pokemonsilvercheats,S6,U2,S6,,,,,,
com.gtp.nextlauncher.theme.royalgreen,S4,S5,U2,S6,,,,,
com.gtp.nextlauncher.theme.royalred,S4,S5,S6,S6,,,,,
com.guanaim.series,S1,S1,S1,S9,,,,,
com.gw.messi,S2,S2,S2,S9,,,,,
com.hairfallsymptomsandtreatment,S3,S3,C1,C2,C4,,,,
com.hapkidroid.lucha,S1,S1,U2,,,,,,
com.hill.racing.extreme,S8,S9,S9,,,,,,
com.hzwp.TrackMania,S6,S3,S3,S6,,,,,
com.ibps.jobs,S2,S3,S3,S2,S3,,,,
com.icaw.guessthecelebrity,S3,S5,K1,,,,,,
com.icaw.guessthenbaplayer,S3,S5,K1,,,,,,
com.icecoldapps.scantopdffree,S2,S3,S4,S3,S2,,,,
com.ieltsad.tutorials,S1,S2,S2,S1,,,,,
com.ieltsasas.tutorials,S1,S2,S2,S1,,,,,
com.ikonic.spartanwarfare,S8,S6,S6,,,,,,
com.ikonic.spartanwarfarenet,S8,S1,S2,S8,S1,S2,,,
com.ilwp.beautiful.flower,S6,S9,S6,S9,S6,,,,
com.inanegames.big8MiniPutt,S1,S1,K1,,,,,,
com.indiaflaglwpfree.been.indiaflaglwpfreebeen,S6,C1,S6,,,,,,
com.innorise.blackjack.sunnyleone,S8,S9,A1,S6,,,,,
com.ion.monsterzzz,S1,S2,S3,S2,K1,,,,
com.iphotome.cs6,S2,S2,U4,,,,,,
com.irene.testbilling.dungeons,D1,S1,S1,,,,,,
com.islaimic.punjsurah,S2,S3,S3,S2,,,,,
com.istudio.facebook.statuses,S2,S3,S3,S2,,,,,
com.itrustcambodia.hdmovie,S3,S3,R1,,,,,,
com.iugome.lilknights.one,S6,S6,S6,,,,,,
com.jacklee.wawifi,S8,U1,S8,,,,,,
com.janicearnilda.transformerdarkofthemoonlwp,S2,S3,U1,S6,,,,,
com.jb.gokeyboard.theme.glowpinkkb,S2,S3,S4,S5,S3,S2,S4,S5 ,
com.jb.gokeyboard.theme.purplezebrakeyboardpaid,S2,S3,S4,S5,S2,S2,S5,,
com.jb.gosms.popup.theme.getjar.os7,S8,S2,S6,,,,,,
com.jb.gosms.theme.xocutepinkfree,S2,S3,S4,S3,S2,S9,,,
com.jellysplash.jellysplashwalkthrough,S8,S6,U2,S8,S6,,,,
com.jetvhs.app_justforlaughsgagstv,S2,S3,S3,S2,C1,C4,,,
com.jiubang.goscreenlock.theme.Halo,S1,S2,S1,S2,,,,,
com.jiubang.goscreenlock.theme.galaxynotefeatherslock,S1,S2,S3,S1,S2,S3,D2,,
com.joojang.wallpaperboyfriend,S1,S6,S1,S6,,,,,
com.joojang.wallpaperdavichi,S1,S6,S1,S6,,,,,
com.joojang.wallpaperfx,S1,S6,S1,S6,,,,,
com.knowledge.personal.photos,S3,S3,S2,S3,,,,,
com.kobs.co.kr.FSN,S1,S1,U2,,,,,,
com.kroko.tvgermany,S1,S1,S8,U2,,,,,
com.kuehlware.BleachRukiaFreeLWP,S6,S2,R1,S2,S5,,,,
com.kuehlware.ZarakiFreeLWP,S2,S6,R1,S2,S5,,,,
com.lcsmobileapps.team7,S2,S4,S3,U2,,,,,
com.live.islamicwhatsapp,S1,S2,S2,S1,,,,,
com.livetvworld.punjabitv,S3,S6,R3,S6,,,,,
com.livewallpaper.androidvirtualwatches.firstcollectionfreediver,S1,S2,S4,S5,S6,S2,S5,,
com.livewallpaper.newyearnight.livewallpaper,S1,S2,S6,S2,S2,,,,
com.liyuanqin.fun.camera.effect,S2,S3,S2,,,,,,
com.lynx.studio.rain.sound.rainy.mood,S1,S1,S1,,,,,,
com.lynx.xperia,S6,U1,S6,,,,,,
com.magicdraw.studio.tattoos,S6,S6,S6,,,,,,
com.magicdraw.studio.ufo,S6,S6,S6,,,,,,
com.marv.marvelherowallpapers,S2,S9,U1,S2,,,,,
com.mediagardens.android.DivergentQuiz,S3,S6,S3,S6,,,,,
com.mediagardens.android.LadyGaGaQuiz,S3,S6,S3,S6,,,,,
com.mgna.bronx.bus.checker,S4,S6,S6,S6,,,,,
com.mgna.statenisland.bus.checker,S6,S6,S6,,,,,,
com.mgna.ttc.bus.checker,S6,K1,S6,,,,,,
com.microapps.pocketmonster,S3,S5,S2,C1,C2,C4,,,
com.mikonos.drivem30eng,S1,S1,S1,,,,,,
com.mikonos.memory,S1,S1,S1,,,,,,
com.mind.balanceandharmony,S1,S2,S3,S2,S2,S3,,,
com.mobilebeez.abs.diet,S1,S2,C2,S8,,,,,
com.mobilebeez.android.interview.qa,S8,S9,C2,S8,,,,,
com.mobilebeez.baby.skincare,S1,S2,S2,S2,,,,,
com.mobilebeez.calender.tamil,S2,S3,S4,S2,S3,S2,,,
com.mobilebeez.currencyconverter,S2,S9,S,S8,S9,S2,,,
com.mobilebeez.facts.india,S2,S8,S9,S2,S2,,,,
com.mobilebeez.flightcheckin,S2,S8,S9,S2,B1,,,,
com.mobilebeez.hairloss.treatment,S2,S2,C2,,,,,,
com.mobilebeez.human.body.facts,S8,S9,S8,S9,B1,,,,
com.mobilebeez.iphone.interview.qa,S2,S3.,C2,,,,,,
com.mobilebeez.java.oops,S1,S2,S9,S2,S2,,,,
com.mobilebeez.javabeginner,S8,S9,S3,S8,S9,,,,
com.mobilebeez.javainaday,S8,B1,S8,,,,,,
com.mobilebeez.javathreading,S1,S2,S8,S2,R4,,,,
com.mobilebeez.nailart,S2,S3,S3,B1,,,,,
com.mobilebeez.sixpack.abs.sixweeks,S1,S2,S8,S2,S1,S2,S6,,
com.mobilebeez.sixpack.sixweeks,S2,S2,S6,,,,,,
com.mobilebeez.songs.ayyapa.bakthi.songs,S3,S2,S2,,,,,,
com.mobilebeez.wallpaper.christmas.wishes,S3,S2,B1,,,,,,
com.mobilebeez.wallpaper.hindugod,S3,S3,S9,,,,,,
com.mobileisure.bundesliga,S2,S2,S2,S6,,,,,
com.mobileisure.ssc.napoli,S2,S4,U1,S2,S6,,,,
com.mobileriders.beautytips,S3,S3,S3,S2,,,,,
com.mobileriders.biceps.triceps,S8,S9,S8,S9,S8,S9,,,
com.mobileriders.hair.loss.tips,S2,S9,S2,U2,,,,,
com.mobileriders.india.quiz,S2,S8,S2,S2,,,,,
com.mobileriders.sex.workout,S8,A1,A2,S8,,,,,
com.mobistudioapps.aquarium3Dlivewallpaper,S3,S3,S2,S3,,,,,
com.mobtech.hollywoodbikinipuzzle,S4,S6,K1,S6,,,,,
com.mobtech.puzzle.russian,S4,S6,K1,S6,,,,,
com.monotype.android.font.develop.Chrismas,S6,U2,S6,,,,,,
com.monotype.android.font.handwriting.font.fores.dgajwejgak,S2,S3,S3,S6,,,,,
com.mygame.copyright_08_12_2011,S7,S9,C2,S7,,,,,
com.mypandalocker.merrychristmas2012.themelockscreen,S2,S3,S3,S2,,,,,
com.nelboard.donomar,S2,S9,S2,S2,,,,,
com.nelboard.youngjeezy,S2,S9,S2,S2,,,,,
com.netmite.andme.launcher.djpappu,S1,S1,D2,,,,,,
com.networkapp.footballgame2014,S2,S4,S2,S3,D2,,,,
com.newjejasoft.BiohazardZombie,S6,S6,S6,,,,,,
com.newjejasoft.ReactorIron,S6,S6,S6,,,,,,
com.newtoleapp.SamuraiWarrior,S6,R3,S6,,,,,,
com.ng.ngrecorderfree,S2,S9,S9,S9,,,,,
com.nil.chris,S2,S6,S9,S2,S2,,,,
com.nil.leborn,S2,S6,S9,S2,S2,S6,,,
com.nil.marliyn,S2,S6,S9,S2,S2,S6,,,
com.ninetwozero.alarm,S2,S2,S2,,,,,,
com.openovo.boomerang.mood.free,S2,S3,S3,K1,,,,,
com.ora.nflre,S8,S8,U2,,,,,,
com.oslwp.skybirds2,S2,S5,K1,S2,,,,,
com.othelloplus.android.komik_new_kungfu_boy,S2,S6,S2,S6,,,,,
com.paksol.earth.wallpapers,S2,S2,S2,,,,,,
com.paksol.universe.wallpapers,S2,S2,S2,,,,,,
com.parindeyapps.Diwali,S9,B1,S9,,,,,,
com.peterNT.BMW,S6,C2,S6,,,,,,
com.peterNT.flower3D,S6,B1,S6,,,,,,
com.photosgopads.tutorials,S2,S2,S1,,,,,,
com.pjcdn.yolandatube,S1,S1,S1,,,,,,
com.pointofus.fc_barcelona,U2,S2,S6,,,,,,
com.psx2pal.ne.pdfbuilder,S1,S2,S2,S2,,,,,
com.puneet.battery,S1,S2,S3,S3,S2,S3,,,
com.purplebean.vampires,S5,S6,P1,S5,S6,,,,
com.purplemango.malaysian,S2,S3,R1,S6,U2,,,,
com.qik.softbank.android,D2,S3,S2,,,,,,
com.quantummatrix.QuantumMatrix3DEngine,K1,S2,S2,,,,,,
com.quipack.a.b4f464d3434e9900001002498,S7,S7,S7,S8,,,,,
com.rainfall.galaxy.best.wallpaper.freedownload,S3,S3,K1,,,,,,
com.randomhouse.livinglanguage.chinesefree,S6,S6,S6,,,,,,
com.randomhouse.livinglanguage.french,S6,S3,S6,,,,,,
com.randomhouse.livinglanguage.frenchfree,S6,S6,S6,,,,,,
com.randomhouse.livinglanguage.germanfree,S6,S6,S6,,,,,,
com.rareartifact.babyshop7873EFF6,S2,S3,S4,S7,S7,U2,,,
com.rareartifact.shoeshopBE911DE8,S2,S3,S4,S3,S7,U2,,,
com.ray.recordyourcalls,S2,S8,S3,B1,,,,,
com.recharge.HindiKidsAnimatedStory,S3,S2,S2,S3,,,,,
com.ring3.Christmas,S3,S3,S6,,,,,,
com.rojas.JLRCTeam.EzrealSkin,S2,S2,K1,,,,,,
com.roohwaretech.birds.wallpapers,S2,S9,S2,S2,,,,,
com.roohwaretech.htc.one.wallpapers,S3,S9,R1,S8,S9,,,,
com.satsuma.beach.wallpapers,S2,S3,S8,S6,S9,S3,C1,C2,
com.satsuma.forest.wallpapers,S2,S9,S2,S2,S9,,,,
com.satsuma.win8.wallpapers,S3,S9,S3,U2,,,,,
com.sdf.sway,S3,S3,U2,,,,,,
com.shafiq.cbsnews,S2,S2,S2,,,,,,
com.shafiq.kompas,S2,U1,S2,,,,,,
com.shafiq.malaysiakini.en,S2,S2,S2,,,,,,
com.shafiq.philstar,S2,S2,S2,,,,,,
com.signalBooster.MS,S9,C2,S6,,,,,,
com.simplelife.exportsmstoemail,S2,S3,S3,C1,C2,,,,
com.sis.adultshayari,S3,S6,S3,A1,A2,A3,,,
com.sis.animalwallpapers,S6,S3,S6,,,,,,
com.sis.birthdaysms,S1,S1,S1,S6,,,,,
com.sis.dhoom3wallpapers,S3,S6,S3,S6,,,,,
com.sis.laxmiaarti,S1,S6,S1,S1,S6,,,,
com.sis.ramayanaarti,S1,S1,S1,S6,,,,,
com.sis.ramchalisa,S1,S1,S1,S6,,,,,
com.sis.sadsms,S1,S6,S1,S1,S6,,,,
com.sis.saimantra,S1,S6,S1,S1,S6,,,,
com.sis.shivaarti,S1,S6,S1,S1,S6,,,,
com.sisaps.hitman,S1,S6,S9,R1,S8,,,,
com.skygames.skforse,S3,S9,S3,S9,,,,,
com.sle.christmassexygirlswallpaper25,S6,S2,S1,S6,,,,,
com.sle.playboyhotmodels25,S6,S2,S1,S6,,,,,
com.socialmediaindia,S1,S1,S8,U2,,,,,
com.softcraft.hadees,S1,S3,S1,U2,,,,,
com.softcube.screens,S3,S8,S7,S2,S9,,,,
com.sonyexperiaz.mobileguide.app.mobile,S1,S1,S1,S2,,,,,
com.soundcity.bubblestick,S4,S5,B1,,,,,,
com.soundcity.drummachine,S6,C2,S6,,,,,,
com.soundcity.dubstepdj,S6,B1,S6,,,,,,
com.soundcity.eightbitsoundboard,S6,B1,S6,,,,,,
com.soundcity.electrodrums,S6,B1,S6,,,,,,
com.soundcity.musictapdisco,S1,S1,S1,,,,,,
com.soundcity.orangesounds,S1,B1,S6,,,,,,
com.soundcity.realtambourine,S6,S6,S6,,,,,,
com.soundcity.rhythminstruments,S6,B1,S6,,,,,,
com.soundcity.saxophonesounds,S6,B1,S6,,,,,,
com.soundcity.sodashaking,S6,B1,S6,,,,,,
com.soundcity.spaceguitar,S6,B1,S6,,,,,,
com.soundcity.talkingflower,S6,B1,S6,,,,,,
com.soundcity.vibraphoneplay,S6,B1,S6,,,,,,
com.soundeffects.audiobookplayer,S3,S8,S3,S8,,,,,
com.soundeffects.babypiano,S3,S3,B1,,,,,,
com.soundeffects.guesssound2playerreactor,S3,S4,S8,S3,C1,C4,,,
com.soundeffects.rastamusicmaker,S3,S3,B1,,,,,,
com.sp.othello,S2,S3,R2,,,,,,
com.spacealot.galaxys3,S2,S6,S3,S2,,,,,
com.ss.plantszombiecheat,S3,S3,U1,U2,,,,,
com.stream.phd,S1,S1,R1,,,,,,
com.stress.anxiety,S3,S3,K1,,,,,,
com.sunny.leone.iphone.locker.lock.screen.ilock.hd,S1,S2,S3,S2,S3,S2,S3,,
com.sunnybeach.khmerremix,S1,S3,U2,,,,,,
com.supergame.martinmariorunner.lite,S2,S4,S2,S3,,,,,
com.supergametronics.armas3d.pro,S1,S2,S2,S3,S2,S5,,,
com.swastik.swedish,S2,S3,R1,S2,S6,,,,
com.tara.android.batterybooster,S8,C1,C2,S8,,,,,
com.tara.android.bluetoothtowificonverter,S8,S6,B1,S6,,,,,
com.tara.android.threegtowificonverter,S8,S6,B1,S8,S6,,,,
com.taylorlautner.hdwallpapers,S2,S3,S2,K1,,,,,
com.teamcarbon.theme.SunsetOrange,S2,S3,S2,S2,S4,,,,
com.tebi.wallpaper3dfcbvb,S6,S6,S6,,,,,,
com.technoguff.bollylines,S2,S3,S3,U2,,,,,
com.templerun.castle,S1,S2,S3,S5,K1,,,,
com.the.secret.adversary,S1,S2,S2,S1,,,,,
com.thinkdone.arablivetvpro,S3,S3,S3,,,,,,
com.timekiller.medievalbattles,K1,S3,S6,,,,,,
com.tinytoon.mario.en,S1,S1,R1,,,,,,
com.tips4.beauty.glowing.skin.tips,S2,S2,S2,,,,,,
com.totalllyspies.cartoon,S2,S3,S2,U2,,,,,
com.unips.livewallpaper.smokeskull,S1,S1,S2,S9,,,,,
com.veloxdev.android.filemanager,S2,S2,S2,,,,,,
com.visuapps.christmastreewallpaper,S3,S3,S2,S3,,,,,
com.visuapps.flowerclock,S3,S3,B1,,,,,,
com.visuapps.flowerclockwallpaper,S3,S3,B1,,,,,,
com.visuapps.jesuslivewallpaper,S3,S3,S2,S3,,,,,
com.visuapps.waterlivewallpaper,S3,S3,S2,S3,,,,,
com.visusoft.michaeljacksonwallpaper,S3,S3,S2,S3,,,,,
com.visusoft.rainwallpaper,S3,S3,S2,S3,,,,,
com.visusoft.tigerwallpaper,S2,S3,S2,S2,S3,,,,
com.vnhow.hotgirl,S1,S1,S1,,,,,,
com.w88.fRing,S3,S3,S3,S6,,,,,
com.wBestMobileHDTV,S3,S3,S2,S3,,,,,
com.wBookingHotelswithme,S1,S1,D2,,,,,,
com.wBoxingLiveStreaming,S3,S3,S2,S3,,,,,
com.wDiscoveryNetwork,S8,S8,U2,,,,,,
com.wElectricalCADBlocks,S1,S1,S8,K1,,,,,
com.wForexSignalUSDJPY,S1,S1,K1,,,,,,
com.wMp3xddescargamusicamp3,S3,S3,R1,,,,,,
com.wWeb2G3G4GMobile,S6,S9,S7,S6,,,,,
com.wdailynationnewspaper,S1,S1,S1,S9,,,,,
com.whawhawhat.ballball,S2,B1,S2,S6,,,,,
com.whawhawhat.interviewqacss,S6,B1,S1,S2,S6,,,,
com.whawhawhat.interviewqajava,S6,B1,S1,S2,S6,,,,
com.whawhawhat.jigsawbridgitmendler,S2,S2,S1,,,,,,
com.whawhawhat.jigsawtaylorlautner,S2,S2,S1,,,,,,
com.wifimanagerapp1,S9,K1,S9,,,,,,
com.wmd11,S1,S1,S1,,,,,,
com.ww3gspeedinternetbrowser,S1,S2,S2,U3,,,,,
com.ww50SexySalmaHayekWallpapers,S2,S2,S2,,,,,,
com.wxtshbtwnt.crysis3photos,S6,K1,S6,,,,,,
com.xtreme_.weavingbraids,S3,S3,C1,C2,C4,,,,
com.xzNature,S2,S3,S3,C2,,,,,
com.xzXmastone,S3,S3,S6,,,,,,
com.xzmas,S3,S3,S6,S6,,,,,
com.yaoxuri.canadacoupons,S2,S6,S3,,,,,,
com.yaoxuri.redflagdeals,S1,S8,C1,S8,,,,,
com.yaoxuri.usacoupons,S2,S3,S6,S3,B1,,,,
com.yaoxuri.usastore,S1,B1,S6,,,,,,
de.gimigames.android.fb.app0001,S3,S3,K1,,,,,,
de.gimigames.android.fb.app0003,S3,S3,K1,,,,,,
de.heinz.bp,S1,S1,K1,,,,,,
de.nospyapps.soundboard,S1,S2,S2,S2,,,,,
de.wolfapps.avsimath,S1,S1,K1,,,,,,
dhoom3.dhoom3game.dhoom3puzzle,S3,S3,U1,U2,,,,,
droid.pr.hastalavista,S2,S3,S2,,,,,,
fobossoftware.christmasnightlwp,S6,S6,S6,,,,,,
frameworks.borderlands,S2,S2,S1,S2,,,,,
frameworks.naruto,S1,S2,S2,S1,S2,,,,
frameworks.wwe1,S1,S2,S3,S3,S1,S2,,,
free.wallpapers.HairDesignSteps,S3,S3,B1,,,,,,
funny.game.billiards.pool,S2,S2,S2,,,,,,
hdwallmedia.lwp.fieldinthewind,S1,S1,K1,,,,,,
health.exercise.fitness,S1,S8,C1,C2,S8,,,,
how.to.work.from.home,S2,S2,S2,,,,,,
hs.soft.com.bymotionx,S2,S2,S3,K1,,,,,
it.MicroApps.NewSudoku,S5,S7,D2,,,,,,
jp.gr.java_conf.sam.wifitether,S1,S1,K1,,,,,,
jp.test.test39,S1,S1,K1,,,,,,
jp.test.test45,S1,S7,S1,K1,,,,,
kame.cartoon.larva,S2,S3,S6,S3,S6,,,,
kawaii.freak.asian.collection,S6,S6,S1,S6,,,,,
kawaii.freak.bob.collection,S6,S6,S1,S6,,,,,
kawaii.freak.gaijin.collection,S6,S6,S1,S6,,,,,
kawaii.freak.ikemen.collection,S6,S6,S1,S6,,,,,
kawaii.freak.jk.collection,S1,S6,S6,S1,S6,,,,
kawaii.freak.megane.collection,S1,S6,S6,S1,S6,,,,
libertad.rst.donate,S1,S5,S1,S5,S5,,,,
lotto.lotto,S1,S1,S2,K1,,,,,
main.java.com.appsurfer,D1,S8,S8,,,,,,
mobi.espier.launcher.plugin.notifications7pro,S2,S4,D2,S2,S5,,,,
mot.sltheme.miui,S6,R3,R2,S6,,,,,
mot.sltheme.touchwiz,S6,R3,R2,S6,,,,,
net.androidbootcamp.chrisbrown_xfiles,S1,R1,S1,R1,,,,,
net.androidresearch.singsanta,S6,B1,S6,,,,,,
net.art.videolw.andrewlv0040,S1,S2,S7,S2,S6,,,,
net.jp.loto6,S1,S1,P2,,,,,,
net.maars.android.multimedia.a004saudiqurantv,S2,S3,S2,S2,,,,,
nextsys.the.casino,S1,S8,S1,K1,,,,,
org.firezenk.slgallery,S1,S6,K1,S6,,,,,
org.swr1bw.elchradio,S1,S6,S6,S1,S6,,,,
org.swr1rp.elchradio,S1,S6,S6,S1,S6,,,,
org.swr3.elchradio,S1,S6,S6,S1,S6,,,,
patil.rakesh.PDF.extractnsplit,S6,B1,S6,,,,,,
patil.rakesh.excel2pdf,S6,S6,S6,,,,,,
patil.rakesh.image2pdf.pro,S6,S6,S6,,,,,,
patil.rakesh.openoffice2pdf,S6,S6,S6,,,,,,
patil.rakesh.powerpoint2pdf,S6,S6,S6,,,,,,
patil.rakesh.publisher2pdf.demo,S6,S6,S6,,,,,,
patil.rakesh.rtf2pdf,S6,B1,S6,,,,,,
patil.rakesh.text2pdf,S2,S6,B1,S6,,,,,
patil.rakesh.url2pdf,S6,B1,S6,,,,,,
patil.rakesh.xps2pdf.demo,S6,S6,S6,,,,,,
pilaf45b.GPS.Family.Android,S3,S3,S2,S3,,,,,
popular.ringtones.rafThemostpopularfreeringtones,S3,S2,C2,,,,,,
porpra.watchmanu,S1,S6,,,,,,,
porpra.watchtottenham,S1,S6,S6,,,,,,
pt.sapo.mobile.android.tmn.it,S1,S1,K1,,,,,,
pumbadev.hypnosisswirl,S6,S8,S8,S6,C4,,,,
quick.math.droid,S2,S9,D2,S2,,,,,
radio.rotana.kinz,S1,S1,S1,U2,,,,,
rdlew.lego.starwars,S2,S2,S6,,,,,,
ru.cosnieciekawego.math,S2,S9,S3,S2,S9,,,,
ru.recoilme.vkpublic.g50716090,S1,S1,S1,S7,,,,,
slot.game.tripleslotsslotmachine,S6,P1,S6,,,,,,
tokei.live.kabe.kinun02,S6,S2,D2,,,,,,
ua.in.android_wallpapers.cartoons2,S2,S6,S3,S2,S6,,,,
ua.in.android_wallpapers.music,S2,S6,S2,S2,S6,,,,
uccwskin.glassdockthin.blackbearblanc,S6,C2,S6,,,,,,
wheel.slots.leetcom.com,S6,P1,S6,,,,,,
